"飯田 智司","iida_1229@example.co.jp","password"
"大脇 和大","kazuhiroowaki@example.co.jp","password"
"藤田 圭","keifujita@example.ne.jp","password"
"小野 正和","onomasakazu@example.org","password"
"渡邊 佳子","watanabe_220@example.co.jp","password"
"玉田 敏洋","tamadatoshihiro@example.org","password"
"槙本 拓","takumakimoto@example.net","password"
"児島 りか","rikakojima@example.ne.jp","password"
"滝沢 麻希子","takizawa_723@example.ne.jp","password"
"嶌田 裕子","yuukoshimada@example.jp","password"
"紺野 小枝","konno818@example.co.jp","password"
"井上 昭","akira_inoue@example.jp","password"
"船津 八千代","funatsu_yachiyo@example.jp","password"
"大槻 真実子","otsuki_38@example.net","password"
"中川 雅幸","masayuki_nakagawa@example.co.jp","password"
"田村 節子","setsukotamura@example.co.jp","password"
"志垣 久","shigaki_121@example.co.jp","password"
"岡本 あずさ","okamoto_azusa@example.org","password"
"北島 翼","kitajima925@example.co.jp","password"
"倉持 達也","tatsuya_kuramochi@example.org","password"
